Id,Value
1,0.0
2,0.0
3,0.0
4,0.0
5,0.0
6,0.0
7,-2.418370662400003
8,-2.3639511040000003
9,-2.4183706623999988
10,-2.3639511040000003
11,-2.273251840000004
12,-11.363951104
13,-1.8701440000000018
14,-1.450240000000004
15,-1.8701440000000018
16,-1.450240000000004
17,-0.7504000000000028
18,-10.450239999999992
19,-2.3639511040000003
20,-2.27325184
21,-2.3639511040000003
22,-2.27325184
23,-2.122086400000004
24,-11.273251839999995
25,-2.49619150162493
26,-2.4977141173948825
27,-2.49619150162493
28,-2.4977109986502373
29,-11.49409872317095
30,-11.48838117369245
31,0.0
32,0.0
33,0.0
34,0.0
35,0.0
36,0.0
37,-2.49619150162493
38,-2.4977135560607855
39,-2.49619150162493
40,-2.497703847241441
41,-11.48704992002076
42,-11.49369567906628
43,-2.482368063078398
44,-2.4894055846625722
45,-2.482368063078398
46,-2.489411099042427
47,-11.476846436972043
48,-11.480894457184426
49,-2.27325184
50,-2.3638037918622494
51,-2.418290512612884
52,-2.36388236529809
53,-11.361117862093542
54,-11.362276786086294
55,-2.470613438464001
56,-2.4823576489531853
57,-2.4894122650546886
58,-2.4823637291345086
59,-11.478760399765422
60,-11.481545284298187
61,0.0
62,0.0
63,0.0
64,0.0
65,0.0
66,0.0
67,-2.4510223974400023
68,-2.470543194038624
69,-2.4823471994315924
70,-2.4705955427571413
71,-11.46732398050569
72,-11.46434667481228
73,-2.4894208378470393
74,-2.4936407435422243
75,-2.4894208378470393
76,-2.49364695096098
77,-11.480400908908457
78,-11.490059703873749
79,-2.470613438464001
80,-2.4823577777476844
81,-2.470613438464001
82,-2.4823631953455605
83,-11.468370675951448
84,-11.47303673548572
85,-2.4894208378470393
86,-2.4936409482636646
87,-2.4894208378470393
88,-2.4936406332165966
89,-11.488760363255391
90,-11.486891347674096
91,0.0
92,0.0
93,0.0
94,0.0
95,0.0
96,0.0
97,5.599999999999993
98,10.999999999999991
99,5.599999999999993
100,10.999999999999991
101,1.9999999999999922
102,19.99999999999999
103,-2.122086400000004
104,-2.27325184
105,-2.122086400000004
106,-2.27325184
107,-11.273251839999995
108,-2.3639511040000003
109,0.41599999999999737
110,-0.7504000000000028
111,-1.450240000000004
112,-0.7504000000000028
113,-9.750399999999994
114,-1.450240000000002
115,-1.8701440000000038
116,-2.1220864
117,-1.8701440000000038
118,-2.1220864
119,-11.122086399999999
120,-2.27325184
121,0.0
122,0.0
123,0.0
124,0.0
125,0.0
126,0.0
127,-2.451022397439998
128,-2.4183706623999988
129,-2.4183706623999988
130,-2.3639511040000003
131,-11.418370662400003
132,-11.418370662400003
133,-2.1220864
134,-1.8701440000000018
135,-1.8701440000000018
136,-1.450240000000004
137,-10.87014399999999
138,-10.87014399999999
139,-2.418370662400003
140,-2.3639511040000003
141,-2.3639511040000003
142,-2.273251840000004
143,-11.363951104
144,-11.363951104
145,-2.493652502708222
146,-2.4961909692639135
147,-2.496190342093876
148,-2.497709692134401
149,-11.495738243289864
150,-11.486962965433731
151,0.0
152,0.0
153,0.0
154,0.0
155,0.0
156,0.0
157,-2.493652502708222
158,-2.4961901357974012
159,-2.4961854046709897
160,-2.4977096087967574
161,-11.492543500252031
162,-11.489933761895587
163,-2.4706134384639964
164,-2.482347022620544
165,-2.4823510986449695
166,-2.4894167148453987
167,-11.479944362197642
168,-11.473172628243491
169,-2.3639511040000003
170,-2.4183104424224844
171,-2.4182943215304498
172,-2.3639511040000003
173,-11.412873144879573
174,-11.412285861486751
175,-2.482368063078398
176,-2.4894060478754665
177,-2.4894137751836456
178,-2.482368063078398
179,-11.481990875489913
180,-11.47785320384946
181,0.0
182,0.0
183,0.0
184,0.0
185,0.0
186,0.0
187,-2.470613438464001
188,-2.4823647178360395
189,-2.4823005583880438
190,-2.470613438464001
191,-11.473045942878054
192,-11.478417614463584
193,-2.482368063078398
194,-2.489413802303147
195,-2.489418353226265
196,-2.4936493853553037
197,-11.487477077335685
198,-11.488245272418407
199,-2.4510223974400023
200,-2.4705802598421873
201,-2.470607196108411
202,-2.482348493222903
203,-11.468221990071463
204,-11.43436908122883
205,-2.482368063078398
206,-2.489420030320538
207,-2.489414390162505
208,-2.493648042681291
209,-11.48502913163678
210,-11.48769201808128
211,0.0
212,0.0
213,0.0
214,0.0
215,0.0
216,0.0
217,2.3599999999999963
218,5.599999999999993
219,5.599999999999993
220,10.999999999999991
221,-3.400000000000006
222,-3.400000000000006
223,-1.8701440000000038
224,-2.1160253460631546
225,-2.112610728180425
226,-2.2645186839670446
227,-10.008014300248579
228,-10.589661825933023
229,-0.7504000000000028
230,-1.4324534455180429
231,-1.4306723853191827
232,-0.7661346916765852
233,-9.955971698046005
234,-9.769833089509213
235,-1.450240000000004
236,-1.870419245276732
237,-1.8662221596348478
238,-2.1176755041490973
239,-10.155285648337475
240,-10.792404608090937
241,0.0
242,0.0
243,0.0
244,0.0
245,0.0
246,0.0
247,-2.4894208378470393
248,-2.493648022681996
249,-2.496184883020179
250,-2.4936518307898035
251,-11.484395153478214
252,-11.489205662861051
253,-2.4183706623999988
254,-2.451008889553965
255,-2.4706044963163736
256,-2.451010381761318
257,-11.436733707914483
258,-11.448087052057424
259,-2.482368063078398
260,-2.489417016521732
261,-2.4936433773357467
262,-2.4894160970284025
263,-11.486204960552412
264,-11.483417951789477
265,-2.470613438464001
266,-2.4510223974400023
267,-2.418370662400003
268,-2.4510223974400023
269,-11.451022397439997
270,-11.451022397439997
271,0.0
272,0.0
273,0.0
274,0.0
275,0.0
276,0.0
277,-2.470613438464001
278,-2.4510223974400023
279,-2.418370662400003
280,-2.4510223974400023
281,-11.451022397439997
282,-11.451022397439997
283,-2.3639350336922096
284,-2.2732177182894504
285,-2.122086400000004
286,-2.273249350845287
287,-11.273001192296986
288,-11.272358413124842
289,-2.418370662400003
290,-2.4509570941788907
291,-2.4706019409527946
292,-2.4510091705806554
293,-11.436621542107076
294,-11.449487598736075
295,-2.4894208378470437
296,-2.4936469779074684
297,-2.4961783600460308
298,-2.493651211148583
299,-11.49298854422663
300,-11.488748026954916
301,0.0
302,0.0
303,0.0
304,0.0
305,0.0
306,0.0
307,-2.4823680630784026
308,-2.4894151210586006
309,-2.4936234989129797
310,-2.4894070936931523
311,-11.487298888387988
312,-11.487104467856277
313,-2.470613438464001
314,-2.482344554392784
315,-2.470613438464001
316,-2.4823407980259744
317,-11.449448145468423
318,-11.480007565937512
319,-2.4183706623999988
320,-2.4510018901180097
321,-2.4183706623999988
322,-2.4509843291985254
323,-11.450005492189131
324,-11.44870259177826
325,-2.470613438464001
326,-2.4823526757350898
327,-2.470613438464001
328,-2.4823418120476615
329,-11.480191538339898
330,-11.475662971179643
331,0.0
332,0.0
333,0.0
334,0.0
335,0.0
336,0.0
337,-1.450240000000004
338,-1.8125676490179947
339,-1.9089997249581159
340,-1.8082677976109984
341,-6.129514823105489
342,-8.611070801227337
343,0.41599999999999737
344,2.3599999999999963
345,5.599999999999993
346,2.3599999999999963
347,-6.640000000000003
348,-6.640000000000003
349,-1.450240000000004
350,-1.8376867302652367
351,-1.9332983884460941
352,-1.8338238878638191
353,-5.0246827440183015
354,-6.146471324334368
355,-0.7504025968253021
356,-1.0987116942523105
357,-0.962112036814224
358,-0.9043595652308403
359,-1.0
360,-4.255765692508777
361,0.0
362,0.0
363,0.0
364,0.0
365,0.0
366,0.0
367,-2.493652502708222
368,-2.4961899286347773
369,-2.497712555668387
370,-2.493652502708222
371,-11.493539406142236
372,-11.4901141245112
373,-2.451022397439998
374,-2.47058271713707
375,-2.482354601761397
376,-2.451022397439998
377,-11.46520920193166
378,-11.468499618860918
379,-2.4894208378470393
380,-2.4936448677009677
381,-2.4961858401125174
382,-2.4894208378470393
383,-11.489655220533852
384,-11.491027813596967
385,-2.4510223974400023
386,-2.418370662400003
387,-2.3639511040000043
388,-2.4510223974400023
389,-11.418370662400003
390,-11.418370662400003
391,0.0
392,0.0
393,0.0
394,0.0
395,0.0
396,0.0
397,-2.4510223974400023
398,-2.418370662400003
399,-2.3639511040000043
400,-2.4510223974400023
401,-11.418370662400003
402,-11.418370662400003
403,-2.27325184
404,-2.1220864
405,-1.8701440000000038
406,-2.27325184
407,-11.122086399999999
408,-11.122086399999999
409,-2.4510223974400023
410,-2.470605692998381
411,-2.482321097915882
412,-2.4510223974400023
413,-11.469460081511354
414,-11.467043471951243
415,-2.4936525027082266
416,-2.4961910996831578
417,-2.4977133609975075
418,-2.4936525027082266
419,-11.492976550655007
420,-11.492626061626162
421,0.0
422,0.0
423,0.0
424,0.0
425,0.0
426,0.0
427,-2.4894208378470393
428,-2.4936503279504674
429,-2.4961760339961843
430,-2.4894208378470393
431,-11.491553948880835
432,-11.49173564570458
433,-2.4510223974400023
434,-2.4705758086606675
435,-2.4823593623959637
436,-2.4823530736673107
437,-11.47035830111524
438,-11.467668495083181
439,-2.3639511040000003
440,-2.4182664799615226
441,-2.450997318099662
442,-2.450990496418975
443,-11.413465465436442
444,-11.415483783641905
445,-2.4510223974400023
446,-2.4705723908762325
447,-2.4823558787205555
448,-2.482363989397313
449,-11.468684546322006
450,-11.46921877818253
451,0.0
452,0.0
453,0.0
454,0.0
455,0.0
456,0.0
457,-1.8701440000000038
458,-2.122086399999999
459,-2.27325184
460,-1.8701440000001155
461,-11.122086399999931
462,-11.122086399999999
463,2.3599999999999963
464,5.599999999999993
465,10.999999999999991
466,2.3599999999999963
467,-3.400000000000006
468,-3.400000000000006
469,-1.8701440000000038
470,-2.1220863999999513
471,-2.273251839999935
472,-1.8701440000000071
473,-11.122086399999171
474,-11.12208639999629
475,0.41599999999999737
476,-0.7546737669239116
477,-1.445146792397475
478,-1.44223504209469
479,-9.480791234456577
480,-9.606696259814681
481,0.0
482,0.0
483,0.0
484,0.0
485,0.0
486,0.0
487,-2.49619150162493
488,-2.4977143247083844
489,-2.4977110153669604
490,-2.49619150162493
491,-11.48839997102627
492,-11.494491864554456
493,-2.4706134384639964
494,-2.482362672024598
495,-2.4823409406000145
496,-2.4706134384639964
497,-11.47908210654954
498,-11.474043922092278
499,-2.493652502708222
500,-2.49618835348973
501,-2.496190947553609
502,-2.493652502708222
503,-11.485975390777803
504,-11.494468337656224
505,-2.418370662400003
506,-2.3639511040000003
507,-2.3639511040000003
508,-2.418370662400003
509,-2.273251840000004
510,-11.363951104
511,0.0
512,0.0
513,0.0
514,0.0
515,0.0
516,0.0
517,-2.418370662400003
518,-2.3639511040000003
519,-2.3639511040000003
520,-2.418370662400003
521,-2.273251840000004
522,-11.363951104
523,-2.1220864
524,-1.8701440000000018
525,-1.8701440000000018
526,-2.1220864
527,-1.450240000000004
528,-10.87014399999999
529,-2.470613438464001
530,-2.482358737659369
531,-2.4823542427678653
532,-2.470613438464001
533,-11.480356532262485
534,-11.481819374767007
535,-2.4961915016249345
536,-2.4977128514768543
537,-2.497710677837339
538,-2.4961915016249345
539,-11.495337013514142
540,-11.494161027003324
541,0.0
542,0.0
543,0.0
544,0.0
545,0.0
546,0.0
547,-2.493652502708222
548,-2.4961848224249263
549,-2.496189414986613
550,-2.493652502708222
551,-11.49007980014385
552,-11.494276415232244
553,-2.4706134384639964
554,-2.482361964200327
555,-2.4823443166616617
556,-2.470613438464001
557,-11.476842592583537
558,-11.474065511426375
559,-2.4183706623999988
560,-2.4508860525548717
561,-2.450969833930055
562,-2.4183706623999988
563,-11.406441529874778
564,-11.446153551712527
565,-2.470613438464001
566,-2.4823468788851275
567,-2.482355039762359
568,-2.470613438464001
569,-11.471948698447182
570,-11.45546852863147
571,0.0
572,0.0
573,0.0
574,0.0
575,0.0
576,0.0
577,-2.122086400000004
578,-2.27325184
579,-2.27325184
580,-2.122086400000004
581,-11.273251839999995
582,-2.3639511040000003
583,5.599999999999993
584,10.999999999999991
585,10.999999999999991
586,5.599999999999993
587,1.9999999999999922
588,19.99999999999999
589,-2.122086400000004
590,-2.27325184
591,-2.27325184
592,-2.122086400000004
593,-11.273251839999995
594,-2.3639511040000003
595,-0.7504000000000028
596,-1.450240000000002
597,-1.450240000000002
598,-0.7504000000000028
599,-10.450239999999992
600,-1.8701440000000018
601,0.0
602,0.0
603,0.0
604,0.0
605,0.0
606,0.0
607,-2.4510223974400023
608,-2.3639511040000043
609,-2.451022397439998
610,-2.418370662400003
611,-11.418370662400003
612,-11.418370662399994
613,-2.1220864
614,-1.450240000000004
615,-2.1220864
616,-1.8701440000000018
617,-10.87014399999999
618,-10.87014399999999
619,-2.418370662400003
620,-2.273251840000004
621,-2.418370662400003
622,-2.3639511040000003
623,-11.363951104
624,-11.363951104
625,-2.493652502708222
626,-2.497714894889804
627,-2.493652502708222
628,-2.4961914985638107
629,-11.496092184410301
630,-11.496163241446768
631,0.0
632,0.0
633,0.0
634,0.0
635,0.0
636,0.0
637,-2.493652502708222
638,-2.497714887530802
639,-2.493652502708222
640,-2.4961914958877895
641,-11.49619053685428
642,-11.496185681178693
643,-2.4706134384639964
644,-2.489420577051885
645,-2.4706134384639964
646,-2.482367472338369
647,-11.482357016575014
648,-11.48226797145442
649,-2.122086400000004
650,-2.3639510539081368
651,-2.36395109907159
652,-2.273251831565111
653,-11.273251223665515
654,-11.273250997391036
655,-2.4510223974400063
656,-2.482368062475316
657,-2.482368062117962
658,-2.4706134381223563
659,-11.470613321227447
660,-11.470613351997178
661,0.0
662,0.0
663,0.0
664,0.0
665,0.0
666,0.0
667,-2.418370662400007
668,-2.4706134366833434
669,-2.470613436419405
670,-2.4510223969648313
671,-11.451021622728605
672,-11.451022357030986
673,-2.482368063078398
674,-2.4936524494235552
675,-2.482368063078398
676,-2.4894208317637405
677,-11.489410848971376
678,-11.489401839096079
679,-2.4510223974400023
680,-2.482368037983044
681,-2.4510223974400023
682,-2.4706133950153997
683,-11.470563723743954
684,-11.470606932154784
685,-2.4823680630784026
686,-2.4936521684280013
687,-2.482368063078398
688,-2.489420795731675
689,-11.489408495975134
690,-11.489417387927638
691,0.0
692,0.0
693,0.0
694,0.0
695,0.0
696,0.0
697,2.3599999999999963
698,10.999999999999991
699,2.3599999999999963
700,5.599999999999993
701,-3.400000000000006
702,-3.400000000000006
703,-1.8701440000000038
704,-2.27325184
705,-1.8701440000000038
706,-2.1220864
707,-11.122086399999999
708,-11.122086399999999
709,2.3599999999999963
710,-0.7504000000000028
711,-0.7504000000000028
712,0.41599999999999737
713,-8.583999999999994
714,-8.583999999999994
715,-1.450240000000004
716,-2.1220864
717,-1.450240000000004
718,-1.8701440000000018
719,-10.87014399999999
720,-10.87014399999999
721,0.0
722,0.0
723,0.0
724,0.0
725,0.0
726,0.0
727,-2.4706134384639964
728,-2.4183706623999988
729,-2.451022397439998
730,-2.418370662400003
731,-11.451022397439997
732,-11.451022397439997
733,-2.27325184
734,-1.8701440000000038
735,-2.1220864
736,-1.8701440000000038
737,-11.122086399999999
738,-11.122086399999999
739,-2.4510223974400023
740,-2.3639511040000043
741,-2.418370662400003
742,-2.3639511040000043
743,-11.418370662400003
744,-11.418370662400003
745,-2.4894208378470393
746,-2.49619149819275
747,-2.4936525020535103
748,-2.49619148503508
749,-11.493651403306156
750,-11.493651801626816
751,0.0
752,0.0
753,0.0
754,0.0
755,0.0
756,0.0
757,-2.4894208378470393
758,-2.496191500883519
759,-2.493652495463773
760,-2.496191500405927
761,-11.49365147453367
762,-11.493644431638405
763,-2.451022397439998
764,-2.4823680602398728
765,-2.4706134326202855
766,-2.4823680564719646
767,-11.470612658562068
768,-11.470609101868105
769,-2.27325184
770,-2.4183703990066068
771,-2.3639509494830606
772,-2.27325184
773,-11.36393309837679
774,-11.363940297166945
775,-2.470613438464001
776,-2.4894208312849084
777,-2.4823680583880647
778,-2.470613438464001
779,-11.482366033268557
780,-11.482367434157538
781,0.0
782,0.0
783,0.0
784,0.0
785,0.0
786,0.0
787,-2.4510223974400023
788,-2.482368016830588
789,-2.470613430417522
790,-2.4510223974400023
791,-11.47061292669094
792,-11.470604525666708
793,-2.470613438464001
794,-2.489420833815027
795,-2.482368051033314
796,-2.4894207857399606
797,-11.482366335449186
798,-11.482364222189085
799,-2.418370662400003
800,-2.47061340407658
801,-2.4510223781547635
802,-2.470613411042188
803,-11.451021763797208
804,-11.451014436987306
805,-2.470613438464001
806,-2.4894208378469926
807,-2.4823680630783773
808,-2.4894208378470037
809,-11.482368063025275
810,-11.482368063059784
811,0.0
812,0.0
813,0.0
814,0.0
815,0.0
816,0.0
817,0.41599999999999737
818,5.599999999999993
819,2.3599999999999963
820,5.599999999999993
821,-6.640000000000003
822,-6.640000000000003
823,-1.450240000000004
824,-2.1220835604415917
825,-1.8701437279701378
826,-2.1220855466801423
827,-10.870018346529882
828,-10.869950654640167
829,0.41599999999999737
830,-1.4502372363899925
831,-0.7504324054521119
832,0.41598811352772347
833,-9.75036511460421
834,-9.750352519500217
835,-0.7504000000000028
836,-1.8701440000000018
837,-1.450240000000004
838,-1.8701440000000018
839,-10.450239999999992
840,-10.450239999999992
841,0.0
842,0.0
843,0.0
844,0.0
845,0.0
846,0.0
847,-2.482368063078398
848,-2.49365250248782
849,-2.4936525021701925
850,-2.4894208362920502
851,-11.489420308032173
852,-11.489420702543544
853,-2.3639511040000003
854,-2.451022397439998
855,-2.451022397439998
856,-2.4183706623999988
857,-11.418370662400003
858,-11.418370662400003
859,-2.470613438464001
860,-2.4894208322638702
861,-2.489420834214021
862,-2.482368040507603
863,-11.482367644277403
864,-11.482366877325624
865,-2.482368063078398
866,-2.4510223974400023
867,-2.4510223974400023
868,-2.470613438464001
869,-11.470613438463989
870,-11.470613438463989
871,0.0
872,0.0
873,0.0
874,0.0
875,0.0
876,0.0
877,-2.482368063078398
878,-2.4510223974400023
879,-2.4510223974400023
880,-2.470613438464001
881,-11.470613438463989
882,-11.470613438463989
883,-2.4183706623999988
884,-2.273251840000004
885,-2.27325184
886,-2.3639511040000003
887,-11.363951104
888,-11.363951104
889,-2.3639511040000043
890,-2.4510223209003956
891,-2.4510223815803514
892,-2.418370659627182
893,-11.418367266338453
894,-11.418364902423004
895,-2.4823680630784066
896,-2.4936525001750143
897,-2.4936524923664116
898,-2.4894208352123677
899,-11.48941987399471
900,-11.489419648698714
901,0.0
902,0.0
903,0.0
904,0.0
905,0.0
906,0.0
907,-2.470613438464005
908,-2.489420835282064
909,-2.489420837470061
910,-2.482368057890482
911,-11.482364608895798
912,-11.482368000509032
913,-2.4510223974400023
914,-2.4823679382727137
915,-2.4510223974400023
916,-2.4706133623064206
917,-11.470613009678601
918,-11.470603533911696
919,-2.3639511040000003
920,-2.4510223813290386
921,-2.3639511040000003
922,-2.4183705423951807
923,-11.418358579313132
924,-11.418366384303326
925,-2.4510223974400023
926,-2.48236801909615
927,-2.4510223974400023
928,-2.4706134151428274
929,-11.470607084341406
930,-11.470608180326643
931,0.0
932,0.0
933,0.0
934,0.0
935,0.0
936,0.0
937,-0.7504000000000028
938,-1.8700688036348792
939,-1.8700475693653125
940,-1.4504413008981742
941,-10.446774037951373
942,-10.448381315050604
943,-0.7504000000000008
944,2.3599999999999963
945,2.3599999999999963
946,0.41599999999999737
947,-8.583999999999994
948,-8.583999999999994
949,-0.7504000000000028
950,-1.8700341593738543
951,-1.870122425786991
952,-1.4502749230452217
953,-10.449662015409357
954,-10.443717198516657
955,0.41464464343122465
956,-1.4498449992754554
957,0.41599999999999737
958,-0.7504253818731308
959,-9.743720907224246
960,-9.740083427091344
961,0.0
962,0.0
963,0.0
964,0.0
965,0.0
966,0.0
967,-2.4894208378470393
968,-2.49619149801992
969,-2.4961914868875548
970,-2.4894208378470393
971,-11.493649717121396
972,-11.493652195728538
973,-2.418370662400003
974,-2.470613438463093
975,-2.470613438462226
976,-2.4183706623999988
977,-11.451022397411567
978,-11.451022397288071
979,-2.482368063078398
980,-2.493652500659535
981,-2.493652496743015
982,-2.482368063078398
983,-11.489419964883433
984,-11.489420135767157
985,-2.470613438464001
986,-2.418370662400003
987,-2.418370662400003
988,-2.470613438463849
989,-11.451022397438372
990,-11.451022397439129
991,0.0
992,0.0
993,0.0
994,0.0
995,0.0
996,0.0
997,-2.4706134384633494
998,-2.418370662400003
999,-2.418370662400003
1000,-2.4706134384638996
1001,-11.451022397438162
1002,-11.451022397439694
1003,-2.3639511040000003
1004,-2.122086400000004
1005,-2.122086400000004
1006,-2.3639511040000003
1007,-11.273251839999995
1008,-11.273251839999995
1009,-2.418370662400003
1010,-2.4706134186110704
1011,-2.470613426438102
1012,-2.418370662400003
1013,-11.451022237295367
1014,-11.451019581115638
1015,-2.4894208378470437
1016,-2.4961914947881154
1017,-2.4961914763908384
1018,-2.4894208378470437
1019,-11.4936514143969
1020,-11.493640296475988
1021,0.0
1022,0.0
1023,0.0
1024,0.0
1025,0.0
1026,0.0
1027,-2.4823680630784026
1028,-2.4936524878763056
1029,-2.4936524793139867
1030,-2.4823680630784026
1031,-11.48942005299147
1032,-11.489415908928322
1033,-2.418370662400003
1034,-2.4706134361879744
1035,-2.4706134375619895
1036,-2.470613438222355
1037,-11.45102162210156
1038,-11.451022154281642
1039,-2.27325184
1040,-2.418370661128204
1041,-2.4183706622354233
1042,-2.4183706334082338
1043,-11.363950601452702
1044,-11.363949658989293
1045,-2.418370662400007
1046,-2.4706134352237283
1047,-2.4706134360126133
1048,-2.4706134198152214
1049,-11.45102176797524
1050,-11.451021189460837
1051,0.0
1052,0.0
1053,0.0
1054,0.0
1055,0.0
1056,0.0
1057,-1.450240000000004
1058,-2.1220864
1059,-2.1220864
1060,-1.450240000000004
1061,-10.87014399999999
1062,-10.87014399999999
1063,0.41599999999999737
1064,5.599999999999993
1065,5.599999999999993
1066,0.41599999999999737
1067,-6.640000000000003
1068,-6.640000000000003
1069,-1.450240000000004
1070,-2.1220864
1071,-2.1220864
1072,-1.450240000000004
1073,-10.87014399999999
1074,-10.87014399999999
1075,2.3599999999999963
1076,-0.7504000000000028
1077,-0.7504000000000008
1078,-0.7504000000000028
1079,-8.583999999999994
1080,-8.583999999999994
1081,0.0
1082,0.0
1083,0.0
1084,0.0
1085,0.0
1086,0.0
1087,-2.493652502708222
1088,-2.4977148371727176
1089,-2.4961914969199275
1090,-2.493652502708222
1091,-11.49618060815507
1092,-11.496173055866665
1093,-2.4510223974400023
1094,-2.482367946427849
1095,-2.4706134345546134
1096,-2.451022397439998
1097,-11.47059812562145
1098,-11.47060907944674
1099,-2.4894208378470393
1100,-2.4961914928298343
1101,-2.493652493515979
1102,-2.4894208378470393
1103,-11.493641490273998
1104,-11.493586080474056
1105,-2.4510223974399983
1106,-2.3639511040000043
1107,-2.418370662399987
1108,-2.45102239744
1109,-11.418370662398944
1110,-11.418370662399763
1111,0.0
1112,0.0
1113,0.0
1114,0.0
1115,0.0
1116,0.0
1117,-2.4510223974400023
1118,-2.3639511040000043
1119,-2.418370662400003
1120,-2.4510223974399783
1121,-11.418370662398502
1122,-11.418370662399216
1123,-2.27325184
1124,-1.8701440000000038
1125,-2.1220864
1126,-2.27325184
1127,-11.122086399999999
1128,-11.122086399999999
1129,-2.4510223974400023
1130,-2.4823679331180686
1131,-2.470613348064957
1132,-2.4510223974400023
1133,-11.470598560006732
1134,-11.470605397402121
1135,-2.4936525027082266
1136,-2.497714891838558
1137,-2.496191498861644
1138,-2.4936525027082266
1139,-11.4961907031638
1140,-11.496174765439822
1141,0.0
1142,0.0
1143,0.0
1144,0.0
1145,0.0
1146,0.0
1147,-2.4894208378470393
1148,-2.496191494485386
1149,-2.4936524869045678
1150,-2.4894208378470393
1151,-11.493649388821277
1152,-11.493633873176096
1153,-2.451022397439998
1154,-2.4823678088088044
1155,-2.4706134101295456
1156,-2.4510223974400023
1157,-11.47060241898617
1158,-11.470582593832486
1159,-2.3639511040000003
1160,-2.451021648190213
1161,-2.418370349071298
1162,-2.3639511040000003
1163,-11.418352181588935
1164,-11.41833626629092
1165,-2.4510223974400023
1166,-2.4823679092006925
1167,-2.4706134023700597
1168,-2.4510223974400023
1169,-11.470599407983496
1170,-11.470578879133505
1171,0.0
1172,0.0
1173,0.0
1174,0.0
1175,0.0
1176,0.0
1177,-1.8701440000000038
1178,-2.27325184
1179,-2.1220864
1180,-1.8701440000000038
1181,-11.122086399999999
1182,-11.122086399999999
1183,2.3599999999999963
1184,10.999999999999991
1185,5.599999999999993
1186,2.3599999999999963
1187,-3.400000000000006
1188,-3.400000000000006
1189,-1.8701440000000038
1190,-2.27325184
1191,-2.1220864
1192,-1.8701440000000038
1193,-11.122086399999999
1194,-11.122086399999999
1195,0.41599999999999737
1196,-1.450240000000002
1197,-0.7504000000000028
1198,0.41599999999999737
1199,-9.750399999999994
1200,-9.750399999999994
1201,0.0
1202,0.0
1203,0.0
1204,0.0
1205,0.0
1206,0.0
1207,-2.470613438462172
1208,-2.418370662400003
1209,-2.4706134384506506
1210,-2.451022397436573
1211,-11.451022397172817
1212,-11.451022389057066
1213,-2.273251839975727
1214,-1.8701440000000038
1215,-2.273251839685972
1216,-2.1220863999855752
1217,-11.122086398800903
1218,-11.12208639795566
1219,-2.451022397438608
1220,-2.3639511040000043
1221,-2.451022397437888
1222,-2.4183706623862613
1223,-11.418370661575807
1224,-11.418370656300892
1225,-2.49619150162493
1226,-2.49619150162493
1227,-2.4894208378470393
1228,-2.493652502708222
1229,-11.493652502705087
1230,-11.49365250270819
1231,0.0
1232,0.0
1233,0.0
1234,0.0
1235,0.0
1236,0.0
1237,-2.49619150162493
1238,-2.49619150162493
1239,-2.4894208378470393
1240,-2.493652502708222
1241,-11.493652502708015
1242,-11.493652502708217
1243,-2.482368063078398
1244,-2.482368063078398
1245,-2.451022397439998
1246,-2.4706134384639964
1247,-11.470613438463069
1248,-11.470613438463985
1249,-1.8701440000000038
1250,-2.27325184
1251,-2.27325184
1252,-2.1220864
1253,-11.122086399999999
1254,-11.122086399999999
1255,-2.418370662400007
1256,-2.470613438464001
1257,-2.470613438464001
1258,-2.4510223974400023
1259,-11.451022397439997
1260,-11.451022397439997
1261,0.0
1262,0.0
1263,0.0
1264,0.0
1265,0.0
1266,0.0
1267,-2.3639511040000043
1268,-2.4510223974400023
1269,-2.4510223974400023
1270,-2.418370662400003
1271,-11.418370662400003
1272,-11.418370662400003
1273,-2.4894208378470393
1274,-2.4894208378470393
1275,-2.470613438464001
1276,-2.482368063078398
1277,-11.482368063078331
1278,-11.482368063078372
1279,-2.470613438464001
1280,-2.470613438464001
1281,-2.418370662400003
1282,-2.4510223974400023
1283,-11.451022397439909
1284,-11.451022397439983
1285,-2.489420837820076
1286,-2.4894208377181277
1287,-2.470613438464005
1288,-2.482368062948676
1289,-11.482368055435092
1290,-11.482368048343732
1291,0.0
1292,0.0
1293,0.0
1294,0.0
1295,0.0
1296,0.0
1297,0.41599999999999737
1298,5.599999999999993
1299,0.41599999999999737
1300,2.3599999999999963
1301,-6.640000000000003
1302,-6.640000000000003
1303,-2.1220864
1304,-2.1220864
1305,-1.450240000000004
1306,-1.8701440000000038
1307,-10.87014399999999
1308,-10.87014399999999
1309,5.599999999999993
1310,0.41599999999999737
1311,0.41599999999999737
1312,2.3599999999999963
1313,-6.640000000000003
1314,-6.640000000000003
1315,-1.8701440000000018
1316,-1.8701440000000018
1317,-0.7504000000000028
1318,-1.450240000000004
1319,-10.450239999999992
1320,-10.450239999999992
1321,0.0
1322,0.0
1323,0.0
1324,0.0
1325,0.0
1326,0.0
1327,-2.482368063078398
1328,-2.451022397439998
1329,-2.482368063078398
1330,-2.4510223974400023
1331,-11.470613438463987
1332,-11.470613438463987
1333,-2.3639511040000003
1334,-2.122086400000004
1335,-2.3639511040000003
1336,-2.122086400000004
1337,-11.273251839999995
1338,-11.273251839999995
1339,-2.470613438464001
1340,-2.418370662400007
1341,-2.470613438464001
1342,-2.418370662400007
1343,-11.451022397439997
1344,-11.451022397439997
1345,-2.493652502708222
1346,-2.493652502708222
1347,-2.482368063078398
1348,-2.493652502708222
1349,-11.48942083784703
1350,-11.48942083784703
1351,0.0
1352,0.0
1353,0.0
1354,0.0
1355,0.0
1356,0.0
1357,-2.493652502708222
1358,-2.493652502708222
1359,-2.482368063078398
1360,-2.493652502708222
1361,-11.48942083784703
1362,-11.48942083784703
1363,-2.4706134384639964
1364,-2.4706134384639964
1365,-2.4183706623999988
1366,-2.4706134384639964
1367,-11.451022397439997
1368,-11.451022397439997
1369,-2.3639511040000003
1370,-2.3639511040000003
1371,-2.3639511040000003
1372,-2.122086400000004
1373,-11.273251839999995
1374,-11.273251839999995
1375,-2.4823680630784026
1376,-2.482368063078398
1377,-2.4823680630784026
1378,-2.4510223974400063
1379,-11.470613438464005
1380,-11.470613438464005
1381,0.0
1382,0.0
1383,0.0
1384,0.0
1385,0.0
1386,0.0
1387,-2.470613438464001
1388,-2.470613438464001
1389,-2.470613438464001
1390,-2.418370662400007
1391,-11.451022397439997
1392,-11.451022397439997
1393,-2.482368063078398
1394,-2.482368063078398
1395,-2.4510223974400063
1396,-2.482368063078398
1397,-11.470613438464005
1398,-11.470613438464005
1399,-2.451022397439998
1400,-2.4510223974400023
1401,-2.3639511040000043
1402,-2.4510223974400023
1403,-11.418370662400003
1404,-11.418370662400003
1405,-2.482368063078398
1406,-2.482368063078398
1407,-2.4510223974400063
1408,-2.4823680630784026
1409,-11.470613438464005
1410,-11.470613438464005
1411,0.0
1412,0.0
1413,0.0
1414,0.0
1415,0.0
1416,0.0
1417,-0.7504000000000028
1418,2.3599999999999963
1419,-0.7504000000000028
1420,2.3599999999999963
1421,-8.583999999999994
1422,-8.583999999999994
1423,-1.8701440000000038
1424,-1.8701440000000018
1425,-0.7504000000000028
1426,-1.8701440000000018
1427,-10.450239999999992
1428,-10.450239999999992
1429,-0.7504000000000028
1430,-0.7504000000000028
1431,-0.7504000000000028
1432,2.3599999999999963
1433,-8.583999999999994
1434,-8.583999999999994
1435,-1.450240000000004
1436,-1.450240000000004
1437,0.41599999999999737
1438,-1.450240000000002
1439,-9.750399999999994
1440,-9.750399999999994
1441,0.0
1442,0.0
1443,0.0
1444,0.0
1445,0.0
1446,0.0
1447,-2.4894208378470393
1448,-2.4894208378470393
1449,-2.4894208378470393
1450,-2.4706134384639964
1451,-11.482368063078384
1452,-11.482368063078384
1453,-2.4183706623999988
1454,-2.4183706623999988
1455,-2.418370662400003
1456,-2.273251840000004
1457,-11.363951104
1458,-11.363951104
1459,-2.482368063078398
1460,-2.482368063078398
1461,-2.482368063078398
1462,-2.4510223974400063
1463,-11.470613438464005
1464,-11.470613438464005
1465,-2.4894208378470393
1466,-2.470613438464001
1467,-2.470613438464001
1468,-2.4894208378470393
1469,-11.482368063078402
1470,-11.482368063078402
1471,0.0
1472,0.0
1473,0.0
1474,0.0
1475,0.0
1476,0.0
1477,-2.4894208378470393
1478,-2.470613438464001
1479,-2.470613438464001
1480,-2.4894208378470393
1481,-11.482368063078402
1482,-11.482368063078402
1483,-2.451022397439998
1484,-2.3639511040000003
1485,-2.3639511040000003
1486,-2.451022397439998
1487,-11.418370662400003
1488,-11.418370662400003
1489,-2.4183706623999988
1490,-2.418370662400003
1491,-2.418370662400003
1492,-2.273251840000004
1493,-11.363951104
1494,-11.363951104
1495,-2.4894208378470393
1496,-2.4894208378470437
1497,-2.4894208378470437
1498,-2.470613438464005
1499,-11.482368063078402
1500,-11.482368063078402
1501,0.0
1502,0.0
1503,0.0
1504,0.0
1505,0.0
1506,0.0
1507,-2.482368063078398
1508,-2.4823680630784026
1509,-2.4823680630784026
1510,-2.4510223974400063
1511,-11.470613438464005
1512,-11.470613438464005
1513,-2.470613438464001
1514,-2.470613438464001
1515,-2.418370662400007
1516,-2.470613438464001
1517,-11.451022397439997
1518,-11.451022397439997
1519,-2.4183706623999988
1520,-2.4183706623999988
1521,-2.273251840000004
1522,-2.418370662400003
1523,-11.363951104
1524,-11.363951104
1525,-2.470613438464001
1526,-2.470613438464001
1527,-2.418370662400007
1528,-2.470613438464001
1529,-11.451022397439997
1530,-11.451022397439997
1531,0.0
1532,0.0
1533,0.0
1534,0.0
1535,0.0
1536,0.0
1537,-1.450240000000004
1538,-1.450240000000004
1539,-1.450240000000002
1540,0.41599999999999737
1541,-9.750399999999994
1542,-9.750399999999994
1543,-1.450240000000004
1544,0.41599999999999737
1545,0.41599999999999737
1546,-1.450240000000002
1547,-9.750399999999994
1548,-9.750399999999994
1549,-1.450240000000004
1550,-1.450240000000004
1551,-1.450240000000002
1552,0.41599999999999737
1553,-9.750399999999994
1554,-9.750399999999994
1555,-0.7504000000000028
1556,-0.7504000000000028
1557,2.3599999999999963
1558,-0.7504000000000028
1559,-8.583999999999994
1560,-8.583999999999994
1561,0.0
1562,0.0
1563,0.0
1564,0.0
1565,0.0
1566,0.0
1567,-2.493652502708222
1568,-2.493652502708222
1569,-2.493652502708222
1570,-2.482368063078398
1571,-11.48942083784703
1572,-11.48942083784703
1573,-2.4510223974400023
1574,-2.451022397439998
1575,-2.4510223974400023
1576,-2.3639511040000043
1577,-11.418370662400003
1578,-11.418370662400003
1579,-2.4894208378470393
1580,-2.4894208378470393
1581,-2.4894208378470393
1582,-2.470613438464001
1583,-11.482368063078402
1584,-11.482368063078402
1585,-2.4823680630742606
1586,-2.4510223974400023
1587,-2.4510223974400023
1588,-2.482368063018368
1589,-11.470613437436924
1590,-11.470613416783742
1591,0.0
1592,0.0
1593,0.0
1594,0.0
1595,0.0
1596,0.0
1597,-2.482368062789648
1598,-2.4510223974400023
1599,-2.4510223974400023
1600,-2.482368063052463
1601,-11.470613424200206
1602,-11.470613320569846
1603,-2.4183706623391563
1604,-2.27325184
1605,-2.27325184
1606,-2.418370662178952
1607,-11.363951102079664
1608,-11.363951099613114
1609,-2.4510223974400023
1610,-2.4510223974400023
1611,-2.4510223974400023
1612,-2.3639511040000043
1613,-11.418370662400003
1614,-11.418370662400003
1615,-2.4936525027082266
1616,-2.4936525027082266
1617,-2.4936525027082266
1618,-2.4823680630784066
1619,-11.489420837847032
1620,-11.489420837847032
1621,0.0
1622,0.0
1623,0.0
1624,0.0
1625,0.0
1626,0.0
1627,-2.4894208378470393
1628,-2.4894208378470393
1629,-2.4894208378470393
1630,-2.470613438464005
1631,-11.482368063078402
1632,-11.482368063078402
1633,-2.3639511040000043
1634,-2.4510223974400023
1635,-2.451022397439998
1636,-2.4510223974400023
1637,-11.418370662400003
1638,-11.418370662400003
1639,-2.122086400000004
1640,-2.3639511040000003
1641,-2.3639511040000003
1642,-2.3639511040000003
1643,-11.273251839999995
1644,-11.273251839999995
1645,-2.3639511040000043
1646,-2.4510223974400023
1647,-2.4510223974400023
1648,-2.4510223974400023
1649,-11.418370662400003
1650,-11.418370662400003
1651,0.0
1652,0.0
1653,0.0
1654,0.0
1655,0.0
1656,0.0
1657,-1.8701440000000018
1658,-1.8701440000000018
1659,-1.8701440000000038
1660,-0.7504000000000028
1661,-10.450239999999992
1662,-10.450239999999992
1663,-0.7504000000000028
1664,2.3599999999999963
1665,2.3599999999999963
1666,-0.7504000000000008
1667,-8.583999999999994
1668,-8.583999999999994
1669,-1.8701440000000018
1670,-1.8701440000000018
1671,-1.8701440000000038
1672,-0.7504000000000028
1673,-10.450239999999992
1674,-10.450239999999992
1675,5.599999999999993
1676,0.41599999999999737
1677,0.41599999999999737
1678,0.41599999999999737
1679,-6.640000000000003
1680,-6.640000000000003
1681,0.0
1682,0.0
1683,0.0
1684,0.0
1685,0.0
1686,0.0
1687,-2.49619150162493
1688,-2.49619150162493
1689,-2.493652502708222
1690,-2.4894208378470393
1691,-11.493652502707917
1692,-11.493652502708205
1693,-2.4706134381672937
1694,-2.4706134380450626
1695,-2.4510223973585106
1696,-2.418370662400003
1697,-11.451022393855522
1698,-11.45102237579393
1699,-2.493652502708222
1700,-2.493652502708222
1701,-2.4894208378470393
1702,-2.482368063078398
1703,-11.48942083784702
1704,-11.489420837846566
1705,-2.4706134384619225
1706,-2.418370662400003
1707,-2.451022397437492
1708,-2.4706134384409792
1709,-11.451022393446697
1710,-11.451022393720281
1711,0.0
1712,0.0
1713,0.0
1714,0.0
1715,0.0
1716,0.0
1717,-2.4706134384427036
1718,-2.418370662400003
1719,-2.451022397408749
1720,-2.470613438450974
1721,-11.451022393846674
1722,-11.451022391858467
1723,-2.363951101679161
1724,-2.122086400000004
1725,-2.273251839838765
1726,-2.363951103986669
1727,-11.273251838991442
1728,-11.273251839345734
1729,-2.470613438464001
1730,-2.470613438463991
1731,-2.4510223974399845
1732,-2.418370662400003
1733,-11.451022397439917
1734,-11.451022397439488
1735,-2.4961915016249345
1736,-2.4961915016249345
1737,-2.4936525027082266
1738,-2.4894208378470437
1739,-11.493652502708217
1740,-11.49365250270809
1741,0.0
1742,0.0
1743,0.0
1744,0.0
1745,0.0
1746,0.0
1747,-2.493652502708222
1748,-2.493652502708216
1749,-2.4894208378470393
1750,-2.4823680630784026
1751,-11.489420837846996
1752,-11.489420837846959
1753,-2.4183706623999988
1754,-2.4706134381005316
1755,-2.451022397116629
1756,-2.418370662400003
1757,-11.451022393822104
1758,-11.451022360638833
1759,-2.27325184
1760,-2.41837066221728
1761,-2.363951103891247
1762,-2.27325184
1763,-11.363951101131121
1764,-11.363951063429791
1765,-2.418370662400003
1766,-2.470613438442496
1767,-2.4510223972865406
1768,-2.418370662400003
1769,-11.451022392865054
1770,-11.451022389830037
1771,0.0
1772,0.0
1773,0.0
1774,0.0
1775,0.0
1776,0.0
1777,-2.1220864
1778,-2.1220864
1779,-1.8701440000000018
1780,-1.450240000000004
1781,-10.87014399999999
1782,-10.87014399999999
1783,0.41599999999999737
1784,5.599999999999993
1785,2.3599999999999963
1786,0.41599999999999737
1787,-6.640000000000003
1788,-6.640000000000003
1789,-2.1220864
1790,-2.1220864
1791,-1.8701440000000018
1792,-1.450240000000004
1793,-10.87014399999999
1794,-10.87014399999999
1795,2.3599999999999963
1796,-0.7504000000000008
1797,0.41599999999999737
1798,2.3599999999999963
1799,-8.583999999999994
1800,-8.583999999999994
1801,0.0
1802,0.0
1803,0.0
1804,0.0
1805,0.0
1806,0.0
1807,-2.482368027981085
1808,-2.4510223974400023
1809,-2.470613377607858
1810,-2.4706133647755277
1811,-11.470570298972806
1812,-11.470608738385291
1813,-2.363950214075531
1814,-2.122086400000004
1815,-2.2732517354132296
1816,-2.2732518244529203
1817,-11.273194481499655
1818,-11.27323559882413
1819,-2.4706134220545595
1820,-2.418370662400003
1821,-2.4510222931619094
1822,-2.4510219410051906
1823,-11.451020376687845
1824,-11.451015976110627
1825,-2.4977148926531343
1826,-2.493652502708222
1827,-2.496191499177969
1828,-2.496191498247044
1829,-11.496188697818019
1830,-11.496109815534782
1831,0.0
1832,0.0
1833,0.0
1834,0.0
1835,0.0
1836,0.0
1837,-2.4977147760610414
1838,-2.493652502708222
1839,-2.4961914982076916
1840,-2.4961914929108158
1841,-11.496187032130612
1842,-11.49618131342404
1843,-2.4894208152809223
1844,-2.4706134384639964
1845,-2.482368058865838
1846,-2.482368038325559
1847,-11.482363606529878
1848,-11.482365537729574
1849,-1.450240000000004
1850,-2.1220864
1851,-1.8701440000000038
1852,-1.8701440000000038
1853,-10.87014399999999
1854,-10.87014399999999
1855,-2.3639511040000043
1856,-2.4510223974400023
1857,-2.418370662400003
1858,-2.418370662400003
1859,-11.418370662400003
1860,-11.418370662400003
1861,0.0
1862,0.0
1863,0.0
1864,0.0
1865,0.0
1866,0.0
1867,-2.273251840000004
1868,-2.418370662400003
1869,-2.3639511040000003
1870,-2.3639511040000003
1871,-11.363951104
1872,-11.363951104
1873,-2.493652499410352
1874,-2.482368063078398
1875,-2.4894208328667955
1876,-2.489420836936599
1877,-11.489408599079244
1878,-11.489418296830438
1879,-2.4823680264599495
1880,-2.4510223974400023
1881,-2.4706134325060836
1882,-2.470613346541144
1883,-11.4705147692713
1884,-11.47060816422384
1885,-2.4936524876502544
1886,-2.4823680630784026
1887,-2.489420826465781
1888,-2.4894208106969153
1889,-11.489409789184025
1890,-11.489418300402427
1891,0.0
1892,0.0
1893,0.0
1894,0.0
1895,0.0
1896,0.0
1897,-0.7504000000000028
1898,2.3599999999999963
1899,0.41599999999999737
1900,0.41599999999999737
1901,-8.583999999999994
1902,-8.583999999999994
1903,-2.27325184
1904,-1.8701440000000038
1905,-2.1220864
1906,-2.1220864
1907,-11.122086399999999
1908,-11.122086399999999
1909,10.999999999999991
1910,2.3599999999999963
1911,5.599999999999993
1912,5.599999999999993
1913,-3.400000000000006
1914,-3.400000000000006
1915,-2.1220864
1916,-1.450240000000004
1917,-1.8701440000000038
1918,-1.8701440000000038
1919,-10.87014399999999
1920,-10.87014399999999
1921,0.0
1922,0.0
1923,0.0
1924,0.0
1925,0.0
1926,0.0
1927,-2.489420828204971
1928,-2.4706134384639964
1929,-2.489420837749127
1930,-2.4823680623124664
1931,-11.482367366498458
1932,-11.482367635545122
1933,-2.4183705874643886
1934,-2.27325184
1935,-2.418370656971113
1936,-2.3639510981744354
1937,-11.36394912038965
1938,-11.363950675270608
1939,-2.482368044386868
1940,-2.4510223974400023
1941,-2.48236803063326
1942,-2.4706134229643912
1943,-11.47061257222131
1944,-11.470613343767578
1945,-2.4961915010630094
1946,-2.4894208378470393
1947,-2.4894208378470393
1948,-2.4936524632075208
1949,-11.493553242655011
1950,-11.49364781431813
1951,0.0
1952,0.0
1953,0.0
1954,0.0
1955,0.0
1956,0.0
1957,-2.496191491596279
1958,-2.4894208378470393
1959,-2.4894208378470393
1960,-2.4936524991636615
1961,-11.493651738881237
1962,-11.493648279575943
1963,-2.4823679323313477
1964,-2.451022397439998
1965,-2.451022397439998
1966,-2.4706134126554558
1967,-11.470592692785724
1968,-11.47061062144377
1969,-2.4183706083952927
1970,-2.273251840000004
1971,-2.418370643464632
1972,-2.3639511028207756
1973,-11.363950255898967
1974,-11.363950975040185
1975,-2.4894208371728994
1976,-2.470613438464005
1977,-2.48942083692745
1978,-2.4823680612710364
1979,-11.482362793393618
1980,-11.482367859771266
1981,0.0
1982,0.0
1983,0.0
1984,0.0
1985,0.0
1986,0.0
1987,-2.482368052549968
1988,-2.4510223974400063
1989,-2.4823680608883487
1990,-2.470613437663853
1991,-11.470612731988062
1992,-11.470613387377723
1993,-2.4894207463734754
1994,-2.470613438464001
1995,-2.470613438464001
1996,-2.4823680593080186
1997,-11.482362179390224
1998,-11.482355873440525
1999,-2.470613385296813
2000,-2.418370662400003
2001,-2.4183706623999988
2002,-2.451022381495277
2003,-11.451005710195147
2004,-11.451020873255139
2005,-2.4894208010013315
2006,-2.470613438464001
2007,-2.470613438464001
2008,-2.4823680559296815
2009,-11.482367099102053
2010,-11.482354295970532
2011,0.0
2012,0.0
2013,0.0
2014,0.0
2015,0.0
2016,0.0
2017,-1.4502402597170212
2018,0.41599999999999737
2019,-1.450239113640674
2020,-0.7504002090440278
2021,-9.749969454520855
2022,-9.750191945229183
2023,-2.098468957149211
2024,-1.450240000000004
2025,-1.4506291183366151
2026,-1.8679210356191396
2027,-10.78321320001421
2028,-10.8624800544207
2029,-1.4516986622308048
2030,0.41599999999999737
2031,-1.4498613737726187
2032,-0.7563940255749777
2033,-9.739216036698885
2034,-9.737869437420864
2035,-1.8532434336163757
2036,-0.7504000000000028
2037,-0.7530211365736152
2038,-1.445160401891906
2039,-10.410634175905093
2040,-10.429312915447044
2041,0.0
2042,0.0
2043,0.0
2044,0.0
2045,0.0
2046,0.0
2047,-2.4936525011460455
2048,-2.482368063078398
2049,-2.489420831700415
2050,-2.482368063078398
2051,-11.489405748230292
2052,-11.489415053213255
2053,-2.451022336980725
2054,-2.3639511040000003
2055,-2.418370598672131
2056,-2.3639511040000003
2057,-11.41836919277546
2058,-11.418370253119466
2059,-2.489420822700916
2060,-2.470613438464001
2061,-2.4823680588584978
2062,-2.470613438464001
2063,-11.482362294788171
2064,-11.48234754062732
2065,-2.493652501679397
2066,-2.482368063078398
2067,-2.4894208362810977
2068,-2.493652500497501
2069,-11.48942076789283
2070,-11.489412851292498
2071,0.0
2072,0.0
2073,0.0
2074,0.0
2075,0.0
2076,0.0
2077,-2.493652500454566
2078,-2.482368063078398
2079,-2.4894208349405322
2080,-2.493652471626829
2081,-11.489420567492681
2082,-11.489420373807075
2083,-2.4706134186433633
2084,-2.4183706623999988
2085,-2.4510223798718314
2086,-2.4706134171960787
2087,-11.451022178982411
2088,-11.451021818562753
2089,-2.4510223822223747
2090,-2.3639511040000003
2091,-2.4183706461618497
2092,-2.3639511040000003
2093,-11.418369018650651
2094,-11.418367939823002
2095,-2.4936524897449264
2096,-2.4823680630784026
2097,-2.489420833355954
2098,-2.4823680630784026
2099,-11.489416848496004
2100,-11.489419182110783
2101,0.0
2102,0.0
2103,0.0
2104,0.0
2105,0.0
2106,0.0
2107,-2.4894208311616675
2108,-2.470613438464001
2109,-2.4823680498200695
2110,-2.470613438464001
2111,-11.482366414468466
2112,-11.482320855107316
2113,-2.4823680498953418
2114,-2.4510223974400023
2115,-2.4706134303122607
2116,-2.482368054117734
2117,-11.470613098786448
2118,-11.470613393004328
2119,-2.4510223974393233
2120,-2.3639511040000003
2121,-2.4183706623999535
2122,-2.4510223974398766
2123,-11.418370662399292
2124,-11.418370662393581
2125,-2.4823680428302968
2126,-2.4510223974400063
2127,-2.4706134071301453
2128,-2.482368062372107
2129,-11.470610375725835
2130,-11.470612232266825
2131,0.0
2132,0.0
2133,0.0
2134,0.0
2135,0.0
2136,0.0
2137,-1.8523473520271228
2138,-0.7523039047033766
2139,-1.4497384423319513
2140,-0.7504000000000028
2141,-10.43141885608274
2142,-10.431414375794887
2143,-1.8687369078039167
2144,-0.7504000000000028
2145,-1.4497620668257534
2146,-1.8675306776703664
2147,-10.421622066903645
2148,-10.439069012383882
2149,-1.8683440923768833
2150,-0.7504000000000028
2151,-1.4501542808984067
2152,-0.7524941138524972
2153,-10.410858891316915
2154,-10.411364168072105
2155,-1.4525835664352882
2156,0.41599999999999737
2157,-0.7515979562701853
2158,-1.448433963233193
2159,-9.721549564317407
2160,-9.741215214456219
2161,0.0
2162,0.0
2163,0.0
2164,0.0
2165,0.0
2166,0.0
2167,-2.496191499960466
2168,-2.4894208378470393
2169,-2.4961915009502142
2170,-2.493652501694341
2171,-11.493652489796306
2172,-11.493652038975213
2173,-2.4706133098285425
2174,-2.418370662400003
2175,-2.4706134342920496
2176,-2.451022320711569
2177,-11.451016371597037
2178,-11.451005817442129
2179,-2.493652490533369
2180,-2.482368063078398
2181,-2.4936525022017104
2182,-2.4894208285370536
2183,-11.489419873466844
2184,-11.489418956553695
2185,-2.489420791147325
2186,-2.470613438464001
2187,-2.470613438464001
2188,-2.4823680048622756
2189,-11.482211712292264
2190,-11.482366419039664
2191,0.0
2192,0.0
2193,0.0
2194,0.0
2195,0.0
2196,0.0
2197,-2.4894207150328045
2198,-2.470613438464001
2199,-2.470613438464001
2200,-2.482368056005593
2201,-11.48233691139993
2202,-11.482349375253603
2203,-2.451022196869366
2204,-2.3639511040000003
2205,-2.3639511040000003
2206,-2.4183695598491326
2207,-11.418355954616473
2208,-11.418368850109312
2209,-2.470613421056854
2210,-2.418370662400007
2211,-2.470613431284108
2212,-2.4510223906303286
2213,-11.451021197331368
2214,-11.451021768860333
2215,-2.4961915014961695
2216,-2.4894208378470437
2217,-2.496191494843795
2218,-2.4936525001552026
2219,-11.493648722543504
2220,-11.493651536249624
2221,0.0
2222,0.0
2223,0.0
2224,0.0
2225,0.0
2226,0.0
2227,-2.4936524926777723
2228,-2.4823680630784026
2229,-2.493652502129153
2230,-2.489420837017434
2231,-11.489420591289573
2232,-11.489420189891106
2233,-2.273251840000004
2234,-2.418370662400003
2235,-2.4183706623999988
2236,-2.3639511040000003
2237,-11.363951104
2238,-11.363951104
2239,-1.8701440000000038
2240,-2.27325184
2241,-2.27325184
2242,-2.1220864
2243,-11.122086399999999
2244,-11.122086399999999
2245,-2.273251840000004
2246,-2.418370662400003
2247,-2.418370662400003
2248,-2.3639511040000003
2249,-11.363951104
2250,-11.363951104
2251,0.0
2252,0.0
2253,0.0
2254,0.0
2255,0.0
2256,0.0
2257,-2.1220864
2258,-1.450240000000004
2259,-2.1220864
2260,-1.8701440000000038
2261,-10.87014399999999
2262,-10.87014399999999
2263,-1.450240000000002
2264,0.41599999999999737
2265,0.41599999999999737
2266,-0.7504000000000028
2267,-9.750399999999994
2268,-9.750399999999994
2269,-2.1220864
2270,-1.450240000000004
2271,-2.122086400000004
2272,-1.8701440000000038
2273,-10.87014399999999
2274,-10.87014399999999
2275,10.999999999999991
2276,2.3599999999999963
2277,2.3599999999999963
2278,5.599999999999993
2279,-3.400000000000006
2280,-3.400000000000006
2281,0.0
2282,0.0
2283,0.0
2284,0.0
2285,0.0
2286,0.0
2287,-2.4977148826504525
2288,-2.493652502708222
2289,-2.4961915005520554
2290,-2.493652502708222
2291,-11.496167973445766
2292,-11.496190867333862
2293,-2.4823678842342325
2294,-2.4510223974400023
2295,-2.4706133544685804
2296,-2.4510223974400023
2297,-11.470555126103765
2298,-11.470601284671822
2299,-2.496191488027423
2300,-2.4894208378470393
2301,-2.4936524736095538
2302,-2.4894208378470393
2303,-11.49364346291508
2304,-11.493645928399147
2305,-2.48236805517532
2306,-2.4510223974400023
2307,-2.4706134353383193
2308,-2.48236805175721
2309,-11.470603307923756
2310,-11.470613234025983
2311,0.0
2312,0.0
2313,0.0
2314,0.0
2315,0.0
2316,0.0
2317,-2.482368055671333
2318,-2.4510223974400023
2319,-2.470613417616816
2320,-2.4823680449435335
2321,-11.470612109265264
2322,-11.470609935657617
2323,-2.4183706021791624
2324,-2.27325184
2325,-2.363950664483832
2326,-2.4183706366174227
2327,-11.363947323016655
2328,-11.363853297847
2329,-2.482368028169941
2330,-2.4510223974400023
2331,-2.470613417721561
2332,-2.4510223974400023
2333,-11.470596804372509
2334,-11.470573938204744
2335,-2.4977148803060247
2336,-2.4936525027082266
2337,-2.496191497467852
2338,-2.4936525027082266
2339,-11.496181592351283
2340,-11.496190304419507
2341,0.0
2342,0.0
2343,0.0
2344,0.0
2345,0.0
2346,0.0
2347,-2.496191495271947
2348,-2.4894208378470393
2349,-2.4936524979340975
2350,-2.4894208378470393
2351,-11.493648180632206
2352,-11.493641540768765
2353,-2.3639511040000003
2354,-2.451022397439988
2355,-2.418370662399891
2356,-2.3639511040000003
2357,-11.418370662399964
2358,-11.418370662397194
2359,-2.1220864
2360,-2.363951103999975
2361,-2.2732518399999773
2362,-2.1220864
2363,-11.27325183999214
2364,-11.273251839902773
2365,-2.363951104000005
2366,-2.451022397439672
2367,-2.418370662400003
2368,-2.3639511040000043
2369,-11.41837066239331
2370,-11.418370662397471
2371,0.0
2372,0.0
2373,0.0
2374,0.0
2375,0.0
2376,0.0
2377,-2.2731896490697
2378,-1.870337165094904
2379,-2.1216492967287595
2380,-1.8701440000000038
2381,-11.103381298871799
2382,-11.050116680356394
2383,-0.7503159963501358
2384,2.3599999999999963
2385,0.41538766437753827
2386,-0.750341959641325
2387,-8.570715339696347
2388,-8.567872802197837
2389,-2.273026924091326
2390,-1.8701440000000038
2391,-2.1219465215729088
2392,-1.8701993295383497
2393,-11.114149138273469
2394,-11.121713156790443
2395,5.599999999999993
2396,0.41599999999999737
2397,2.3599999999999963
2398,5.599999999999993
2399,-6.640000000000003
2400,-6.640000000000003
2401,0.0
2402,0.0
2403,0.0
2404,0.0
2405,0.0
2406,0.0
2407,-2.482356591388849
2408,-2.470613438464001
2409,-2.482365236401015
2410,-2.4823464685849155
2411,-11.479447127656996
2412,-11.474856992943637
2413,-2.3635382438438475
2414,-2.27325184
2415,-2.3639050140890197
2416,-2.3637894763451213
2417,-11.3613901199613
2418,-11.362371746997749
2419,-2.4705861779635874
2420,-2.4510223974400023
2421,-2.4705932039125558
2422,-2.4705370263523934
2423,-11.446701226799064
2424,-11.448808444020177
2425,-2.4977120952224463
2426,-2.49619150162493
2427,-2.497712823507051
2428,-2.4977095742665316
2429,-11.496261575915524
2430,-11.496945931510336
2431,0.0
2432,0.0
2433,0.0
2434,0.0
2435,0.0
2436,0.0
2437,-2.4977088484984615
2438,-2.49619150162493
2439,-2.4977106629522567
2440,-2.4977084538752115
2441,-11.495306729804145
2442,-11.49282692194128
2443,-2.4894150493384304
2444,-2.482368063078398
2445,-2.4893828036307584
2446,-2.4894057525816082
2447,-11.485433712827316
2448,-11.480201371947263
2449,-1.450240000000004
2450,-1.8701440000000018
2451,-1.450240000000004
2452,-1.450240000000004
2453,-0.7504000000000028
2454,-10.450239999999992
2455,-2.3639511040000003
2456,-2.418370662400003
2457,-2.3639511040000003
2458,-2.3639511040000003
2459,-2.273251840000004
2460,-11.363951104
2461,0.0
2462,0.0
2463,0.0
2464,0.0
2465,0.0
2466,0.0
2467,-2.27325184
2468,-2.3639511040000003
2469,-2.273251840000004
2470,-2.27325184
2471,-2.122086400000004
2472,-11.273251839999995
2473,-2.493650490354399
2474,-2.4894208378470393
2475,-2.493650130952808
2476,-2.4936474667648456
2477,-11.484461436129479
2478,-11.489698253817823
2479,-2.48234221201884
2480,-2.470613438464001
2481,-2.4823285030171007
2482,-2.4823569656910998
2483,-11.479152902873837
2484,-11.476875321549674
2485,-2.4936323007044363
2486,-2.4894208378470393
2487,-2.4936419204210063
2488,-2.4936462262724657
2489,-11.490276855117955
2490,-11.490401407553305
2491,0.0
2492,0.0
2493,0.0
2494,0.0
2495,0.0
2496,0.0
2497,-0.7504000000000028
2498,0.41599999999999737
2499,-0.7504000000000028
2500,-0.7504000000000028
2501,-9.750399999999994
2502,-1.450240000000002
2503,-2.27325184
2504,-2.122086400000004
2505,-2.27325184
2506,-2.27325184
2507,-11.273251839999995
2508,-2.3639511040000003
2509,10.999999999999991
2510,5.599999999999993
2511,10.999999999999991
2512,10.999999999999991
2513,1.9999999999999922
2514,19.99999999999999
2515,-2.1220864
2516,-1.8701440000000038
2517,-2.122086400000004
2518,-2.122086400000004
2519,-11.122086399999999
2520,-2.27325184
2521,0.0
2522,0.0
2523,0.0
2524,0.0
2525,0.0
2526,0.0
2527,-2.489416115305639
2528,-2.482368063078398
2529,-2.493648193030047
2530,-2.4894193774596687
2531,-11.480192695566775
2532,-11.487276005600279
2533,-2.4183086762993358
2534,-2.3639511040000003
2535,-2.451006615948059
2536,-2.4182795496922402
2537,-11.41551250520534
2538,-11.412383509074507
2539,-2.4823613461006326
2540,-2.470613438464001
2541,-2.4894103450261507
2542,-2.482364181591686
2543,-11.47690927199701
2544,-11.47694004750159
2545,-2.4961831950970934
2546,-2.493652502708222
2547,-2.493652502708222
2548,-2.4961893945990106
2549,-11.489271064444704
2550,-11.486559886052566
2551,0.0
2552,0.0
2553,0.0
2554,0.0
2555,0.0
2556,0.0
2557,-2.4961897777635764
2558,-2.493652502708222
2559,-2.493652502708222
2560,-2.4961875592437197
2561,-11.487873569195246
2562,-11.471779071956403
2563,-2.4823580484209917
2564,-2.4706134384639964
2565,-2.4706134384639964
2566,-2.482283130172602
2567,-11.479919332754433
2568,-11.46300691372311
2569,-2.4182444386820667
2570,-2.3639511040000003
2571,-2.450981973941857
2572,-2.4183536347412913
2573,-11.39472871833117
2574,-11.392324873797051
2575,-2.489415672669593
2576,-2.4823680630784026
2577,-2.493649074401868
2578,-2.489391983053596
2579,-11.487075142138941
2580,-11.488688412343286
2581,0.0
2582,0.0
2583,0.0
2584,0.0
2585,0.0
2586,0.0
2587,-2.4823620121571595
2588,-2.470613438464001
2589,-2.489398251754401
2590,-2.482356679123146
2591,-11.477960430069876
2592,-11.47972982520676
2593,-2.4894042800219265
2594,-2.482368063078398
2595,-2.482368063078398
2596,-2.4894118676164148
2597,-11.486171961867077
2598,-11.48564988593714
2599,-2.4706058664928627
2600,-2.451022397439998
2601,-2.451022397439998
2602,-2.470585886324874
2603,-11.467990750811547
2604,-11.460215511305615
2605,-2.48940879411514
2606,-2.482368063078398
2607,-2.482368063078398
2608,-2.4894108942731346
2609,-11.470138824170638
2610,-11.468100421495864
2611,0.0
2612,0.0
2613,0.0
2614,0.0
2615,0.0
2616,0.0
2617,-1.1837750842298658
2618,-0.7504000117339398
2619,-1.2444205735488665
2620,-1.1965208457256427
2621,-4.235105120986051
2622,-4.237867829931221
2623,-1.8951171681322838
2624,-1.8524155816075965
2625,-1.851435586833536
2626,-1.8732133821453
2627,-3.6484874393353044
2628,-4.967845737130689
2629,-1.3001751867886226
2630,-0.7505533856823823
2631,-1.5063037814446851
2632,-1.3606657077164759
2633,-2.8198858971323246
2634,-4.2776697694693455
2635,-1.478974377738568
2636,-1.439492890838188
2637,-1.4390854515553784
2638,-1.4391941586894212
2639,-2.84966622787154
2640,-1.96
2641,0.0
2642,0.0
2643,0.0
2644,0.0
2645,0.0
2646,0.0
2647,-2.4936429542787297
2648,-2.4894208378470393
2649,-2.493638008768235
2650,-2.4894208378470393
2651,-11.49129625581943
2652,-11.49074189371796
2653,-2.4510019674144052
2654,-2.4183706623999988
2655,-2.4510134828545613
2656,-2.4183706623999988
2657,-11.44431955425167
2658,-11.439710411827104
2659,-2.4894156063222117
2660,-2.482368063078398
2661,-2.48941571355607
2662,-2.482368063078398
2663,-11.485468352648152
2664,-11.478040308632698
2665,-2.493650548836066
2666,-2.4894208378470393
2667,-2.493641930334796
2668,-2.496186796691694
2669,-11.480886192151054
2670,-11.48967922928506
2671,0.0
2672,0.0
2673,0.0
2674,0.0
2675,0.0
2676,0.0
2677,-2.4936280086621005
2678,-2.4894208378470393
2679,-2.4936498120482256
2680,-2.4961874276971643
2681,-11.492829889382229
2682,-11.49290758236775
2683,-2.470579655152793
2684,-2.451022397439998
2685,-2.47058935258269
2686,-2.4823212131612076
2687,-11.46841757818458
2688,-11.461203925646998
2689,-2.4510103483370624
2690,-2.4183706623999988
2691,-2.4508876227184078
2692,-2.4183706623999988
2693,-11.444357074849231
2694,-11.44661383849247
2695,-2.4936461851570337
2696,-2.4894208378470393
2697,-2.493642990951585
2698,-2.4894208378470393
2699,-11.48523811447768
2700,-11.492714532848563
2701,0.0
2702,0.0
2703,0.0
2704,0.0
2705,0.0
2706,0.0
2707,-2.4894023047656604
2708,-2.482368063078398
2709,-2.4894059889099993
2710,-2.482368063078398
2711,-11.476819589904622
2712,-11.486188924940965
2713,-2.482311830590195
2714,-2.470613438464001
2715,-2.4823596888307264
2716,-2.4894105821914785
2717,-11.480015619348105
2718,-11.480646057957474
2719,-2.451016053354786
2720,-2.4183706623999988
2721,-2.451014519028596
2722,-2.4705853913134064
2723,-11.44352648325617
2724,-11.449906173970833
2725,-2.482366528401426
2726,-2.470613438464001
2727,-2.48235991453457
2728,-2.489409401503213
2729,-11.479115879181688
2730,-11.479981873982615
2731,0.0
2732,0.0
2733,0.0
2734,0.0
2735,0.0
2736,0.0
2737,-1.4789743777385689
2738,-1.4380828029405255
2739,-1.4791109522821184
2740,-1.4368899860374835
2741,-1.96
2742,-2.839724776434249
2743,-1.5549575970854566
2744,-1.4502343727230176
2745,-1.5844384675293126
2746,-1.5481152205908857
2747,-2.8454113216375108
2748,-2.8305662133052936
2749,-1.5544190182761555
2750,-1.4496639487555623
2751,-1.5552653634931615
2752,-1.4495989015743902
2753,-5.011995449186217
2754,-4.343676273534475
2755,-1.1989926883338182
2756,-0.7507035403915607
2757,-1.1989926883338182
2758,-1.2715737202224817
2759,-5.471646116681294
2760,-4.225694262899351
2761,0.0
2762,0.0
2763,0.0
2764,0.0
2765,0.0
2766,0.0
2767,-2.496190262042989
2768,-2.493652502708222
2769,-2.497711799456368
2770,-2.4961879971302734
2771,-11.489983936690786
2772,-11.494813919339137
2773,-2.470561410180807
2774,-2.4510223974400023
2775,-2.4823532953033753
2776,-2.470583556766413
2777,-11.456295005474704
2778,-11.430657207917669
2779,-2.493648772145591
2780,-2.4894208378470393
2781,-2.4961887890810566
2782,-2.493646331859392
2783,-11.482057994939451
2784,-11.493253608922625
2785,-2.489414350866402
2786,-2.482368063078398
2787,-2.482368063078398
2788,-2.489395779032534
2789,-11.487983740761495
2790,-11.484538675106855
2791,0.0
2792,0.0
2793,0.0
2794,0.0
2795,0.0
2796,0.0
2797,-2.48940242431097
2798,-2.482368063078398
2799,-2.482368063078398
2800,-2.489416588174893
2801,-11.48187418952264
2802,-11.474881644145137
2803,-2.4509400317964127
2804,-2.4183706623999988
2805,-2.4183706623999988
2806,-2.450887620059266
2807,-11.446083012627053
2808,-11.443568967725973
2809,-2.470609399520868
2810,-2.4510223974400023
2811,-2.482365339027907
2812,-2.4706003111194734
2813,-11.457885591727955
2814,-11.469861756413952
2815,-2.4961906030585053
2816,-2.4936525027082266
2817,-2.4977127306324847
2818,-2.4961875659199833
2819,-11.49298550699122
2820,-11.493305286729752
2821,0.0
2822,0.0
2823,0.0
2824,0.0
2825,0.0
2826,0.0
2827,-2.4936480365128872
2828,-2.4894208378470393
2829,-2.4961764412554337
2830,-2.4936491824578253
2831,-11.477580966296344
2832,-11.484209601703466
2833,-2.27325184
2834,-2.3639511040000003
2835,-2.3639511040000003
2836,-2.27325184
2837,-2.122086400000004
2838,-11.273251839999995
2839,-1.8701440000000018
2840,-2.1220864
2841,-2.1220864
2842,-1.8701440000000018
2843,-1.450240000000004
2844,-10.87014399999999
2845,-2.273251840000004
2846,-2.3639511040000003
2847,-2.3639511040000003
2848,-2.27325184
2849,-2.122086400000004
2850,-11.273251839999995
2851,0.0
2852,0.0
2853,0.0
2854,0.0
2855,0.0
2856,0.0
2857,-2.1220864
2858,-1.8701440000000038
2859,-2.27325184
2860,-2.1220864
2861,-11.122086399999999
2862,-2.27325184
2863,-1.450240000000002
2864,-0.7504000000000028
2865,-0.7504000000000028
2866,-1.450240000000002
2867,-10.450239999999992
2868,-1.8701440000000018
2869,-2.122086400000004
2870,-1.8701440000000038
2871,-2.27325184
2872,-2.122086400000004
2873,-11.122086399999999
2874,-2.27325184
2875,10.999999999999991
2876,5.599999999999993
2877,5.599999999999993
2878,10.999999999999991
2879,1.9999999999999922
2880,19.99999999999999
2881,0.0
2882,0.0
2883,0.0
2884,0.0
2885,0.0
2886,0.0
2887,-2.497711083773616
2888,-2.49619150162493
2889,-2.4977124026521658
2890,-2.49619150162493
2891,-11.494651394342535
2892,-11.491691929273363
2893,-2.482359637114921
2894,-2.470613438464001
2895,-2.4823590614052953
2896,-2.470613438464001
2897,-11.48023372100722
2898,-11.476685365840904
2899,-2.4961869747651497
2900,-2.493652502708222
2901,-2.496190503053518
2902,-2.493652502708222
2903,-11.492204659565783
2904,-11.494078080115363
2905,-2.4823568705181636
2906,-2.470613438464001
2907,-2.4823644653760493
2908,-2.48940949294497
2909,-11.478807052958434
2910,-11.479979483662616
2911,0.0
2912,0.0
2913,0.0
2914,0.0
2915,0.0
2916,0.0
2917,-2.4823526914900023
2918,-2.470613438464001
2919,-2.4823613361653867
2920,-2.489396352164764
2921,-11.479762613792488
2922,-11.481360891824455
2923,-2.418295699008971
2924,-2.3639511040000003
2925,-2.418349801063465
2926,-2.450987706849448
2927,-11.413013277043435
2928,-11.415468809386837
2929,-2.4823620089294858
2930,-2.470613438464001
2931,-2.4823528727456385
2932,-2.470613438464001
2933,-11.452902175684939
2934,-11.478790718827234
2935,-2.4977126315056806
2936,-2.4961915016249345
2937,-2.4977067235418113
2938,-2.4961915016249345
2939,-11.492815856342395
2940,-11.496563698821634
2941,0.0
2942,0.0
2943,0.0
2944,0.0
2945,0.0
2946,0.0
2947,-2.4961683443607514
2948,-2.493652502708222
2949,-2.4961904991691544
2950,-2.493652502708222
2951,-11.494255057076067
2952,-11.494420242039231
2953,-2.3639511040000003
2954,-2.4183706623999988
2955,-2.3639511040000003
2956,-2.273251840000004
2957,-11.363951104
2958,-11.363951104
2959,-2.1220864
2960,-2.27325184
2961,-2.1220864
2962,-1.8701440000000038
2963,-11.122086399999999
2964,-11.122086399999999
2965,-2.3639495924903273
2966,-2.4183640424297397
2967,-2.363946838215111
2968,-2.273251840000004
2969,-11.363476542840743
2970,-11.363665621157981
2971,0.0
2972,0.0
2973,0.0
2974,0.0
2975,0.0
2976,0.0
2977,-2.266513676470769
2978,-2.1220864
2979,-2.271556602965055
2980,-2.1220864
2981,-10.876318410623474
2982,-10.78489301055812
2983,-0.7705672291810286
2984,0.41599999999999737
2985,-0.7726625416544273
2986,-1.3758634597931183
2987,-9.297523819771122
2988,-9.453182843336535
2989,-2.2678473175990437
2990,-2.1220864
2991,-2.265034694594991
2992,-2.1220864
2993,-10.914229943524873
2994,-11.01060136871528
2995,5.599999999999993
2996,2.3599999999999963
2997,5.599999999999993
2998,10.999999999999991
2999,-3.400000000000006
3000,-3.400000000000006
